<manifest xmlns="http://www.imsproject.org/xsd/imscp_rootv1p1p2" identifier="com.kidimedia.ibook-widgets.image_sequence-sequence-MughalEmpire" version="1" xmlns:adlcp="http://www.adlnet.org/xsd/adlcp_rootv1p2" xsi:schemaLocation="http://www.imsproject.org/xsd/imscp_rootv1p1p2 imscp_rootv1p1p2.xsd&#xa;http://www.imsglobal.org/xsd/imsmd_rootv1p2p1 imsmd_rootv1p2p1.xsd&#xa;http://www.adlnet.org/xsd/adlcp_rootv1p2 adlcp_rootv1p2.xsd" xmlns:xsi="http://www.w3.org/2001/XMLSchema-instance">
<metadata>
<schema>ADL SCORM</schema>
<schemaversion>1.2</schemaversion>
</metadata>
<organizations default="image_sequence-sequence-MughalEmpire">
<organization identifier="image_sequence-sequence-MughalEmpire">
<title>sequence-MughalEmpire</title>
<item identifierref="resource_1" identifier="item_1">
<title>image_sequence-sequence-MughalEmpire</title>
</item>
</organization>
</organizations>
<resources>
<resource adlcp:scormtype="sco" type="webcontent" identifier="resource_1" href="index.html">
<file href="15fe91b9e2e296a6_S_444_600.jpg"/>
<file href="74d078b3e45fff23_S_407_600.jpeg"/>
<file href="a1efc43009e198fb_S_331_600.jpg"/>
<file href="c83cfa18d4b9d522_S_763_600.jpeg"/>
<file href="config.css"/>
<file href="config.js"/>
<file href="config.xml"/>
<file href="/css/bookwidgets.css"/>
<file href="/css/bwicons.css"/>
<file href="/css/fonts/icomoon.eot"/>
<file href="/css/fonts/icomoon.svg"/>
<file href="/css/fonts/icomoon.ttf"/>
<file href="/css/fonts/icomoon.woff"/>
<file href="/css/jquery.dialogsheet.css"/>
<file href="/css/jquery.tipsy.css"/>
<file href="/css/sequence.css"/>
<file href="d281654b86e6850c_S_420_600.jpg"/>
<file href="d38954f8365f466a_S_694_600.jpg"/>
<file href="Default.png"/>
<file href="/images/phone_landscape.png"/>
<file href="/img/backbutton@2x.png"/>
<file href="/img/ibw-ribbon.png"/>
<file href="index.html"/>
<file href="Info.plist"/>
<file href="/js/FrameSequence-all.js"/>
<file href="/js/FrameSequence-vendor.js"/>
<file href="/js/hammer-2.0.4.min.js"/>
<file href="/js/hammer.fakemultitouch.js"/>
<file href="/js/hammer.min.js"/>
<file href="/js/jquery-1.8.min.js"/>
<file href="/js/jquery.dialogsheet.js"/>
<file href="/js/jquery.hammer-2.0.0.js"/>
<file href="/js/jquery.hammer.min.js"/>
<file href="/js/jquery.tipsy.js"/>
<file href="resourcemap.json"/>
</resource>
</resources>
</manifest>
