<manifest xmlns="http://www.imsproject.org/xsd/imscp_rootv1p1p2" xmlns:adlcp="http://www.adlnet.org/xsd/adlcp_rootv1p2" version="1" identifier="com.kidimedia.ibook-widgets.image_sequence-sequence-ioannina_new" xsi:schemaLocation="http://www.imsproject.org/xsd/imscp_rootv1p1p2 imscp_rootv1p1p2.xsd&#xa;http://www.imsglobal.org/xsd/imsmd_rootv1p2p1 imsmd_rootv1p2p1.xsd&#xa;http://www.adlnet.org/xsd/adlcp_rootv1p2 adlcp_rootv1p2.xsd" xmlns:xsi="http://www.w3.org/2001/XMLSchema-instance">
<metadata>
<schema>ADL SCORM</schema>
<schemaversion>1.2</schemaversion>
</metadata>
<organizations default="image_sequence-sequence-ioannina_new">
<organization identifier="image_sequence-sequence-ioannina_new">
<title>sequence-ioannina_new</title>
<item identifier="item_1" identifierref="resource_1">
<title>image_sequence-sequence-ioannina_new</title>
</item>
</organization>
</organizations>
<resources>
<resource href="index.html" identifier="resource_1" type="webcontent" adlcp:scormtype="sco">
<file href="config.css"/>
<file href="config.js"/>
<file href="config.xml"/>
<file href="/css/bookwidgets.css"/>
<file href="/css/bwicons.css"/>
<file href="/css/fonts/icomoon.eot"/>
<file href="/css/fonts/icomoon.svg"/>
<file href="/css/fonts/icomoon.ttf"/>
<file href="/css/fonts/icomoon.woff"/>
<file href="/css/jquery.dialogsheet.css"/>
<file href="/css/jquery.tipsy.css"/>
<file href="/css/sequence.css"/>
<file href="Default.png"/>
<file href="/images/phone_landscape.png"/>
<file href="/img/backbutton@2x.png"/>
<file href="/img/ibw-ribbon.png"/>
<file href="index.html"/>
<file href="Info.plist"/>
<file href="/js/FrameSequence-all.js"/>
<file href="/js/FrameSequence-vendor.js"/>
<file href="/js/hammer-2.0.4.min.js"/>
<file href="/js/hammer.fakemultitouch.js"/>
<file href="/js/hammer.min.js"/>
<file href="/js/jquery-1.8.min.js"/>
<file href="/js/jquery.dialogsheet.js"/>
<file href="/js/jquery.hammer-2.0.0.js"/>
<file href="/js/jquery.hammer.min.js"/>
<file href="/js/jquery.tipsy.js"/>
<file href="Map01_S_821_600.png"/>
<file href="Map02_S_821_600.png"/>
<file href="Map03_S_821_600.png"/>
<file href="Map04_S_821_600.png"/>
<file href="Map05_S_821_600.png"/>
<file href="Map06_S_821_600.png"/>
<file href="Map07_S_821_600.png"/>
<file href="Map08_S_821_600.png"/>
<file href="Map09_S_821_600.png"/>
<file href="Map10_S_821_600.png"/>
<file href="Map11_S_821_600.png"/>
<file href="Map12_S_821_600.png"/>
<file href="Map13_S_821_600.png"/>
<file href="Map14_S_821_600.png"/>
<file href="Map15_S_821_600.png"/>
<file href="Map16_S_821_600.png"/>
<file href="Map17_S_821_600.png"/>
<file href="Map18_S_821_600.png"/>
<file href="Map19_S_821_600.png"/>
<file href="Map20_S_821_600.png"/>
<file href="Map21_S_821_600.png"/>
<file href="Map22_S_821_600.png"/>
<file href="Map23_S_821_600.png"/>
<file href="Map24_S_821_600.png"/>
<file href="Map25_S_821_600.png"/>
<file href="Map26_S_821_600.png"/>
<file href="Map27_S_821_600.png"/>
<file href="Map28_S_821_600.png"/>
<file href="resourcemap.json"/>
</resource>
</resources>
</manifest>
