{"0UY1HFFBV5R00DAZZJ5U":"Map02_S_821_600.png","14HCYWTJ3CRUS8VJJ5XG":"Map09_S_821_600.png","2UT5L0E9RJEJSXYFPOX2":"Map28_S_821_600.png","39EKNF167VJ2SMKI5DUW":"Map08_S_821_600.png","3MZ5K27VVVI667MY0GQI":"Map05_S_821_600.png","7I1GM9F8Y0Q7CAVJL630":"Default.png","7Q4PQ56QVCXUKW65I8BK":"Map11_S_821_600.png","80YMCJQCP736C4FTOSPJ":"Map07_S_821_600.png","8X905W9Z1Y8D081RBDL5":"Map27_S_821_600.png","9X1K89IDLBLLUNFWSOTU":"Map24_S_821_600.png","BBNR8IEUG2MYQ9YTO716":"Map16_S_821_600.png","D41K6EJPYOYF1J1XDKX5":"Map04_S_821_600.png","DD6JHAMQNPZSDU01RHDP":"Map21_S_821_600.png","E3E4Y1NH4GORJFUOX69V":"Map14_S_821_600.png","JAYZWZHZ7WXAF3P8JN3X":"Map01_S_821_600.png","JI8VBIT84HZMZ9UETO6Q":"Map26_S_821_600.png","KIO5AFZNHYY279WEFVNA":"Map18_S_821_600.png","LQLQT1DPU6VU4PTLRY7Z":"Map23_S_821_600.png","MPYI0PIXDVRMW0FV636D":"Map13_S_821_600.png","MZ8FZ2FNT45JYU8FPILF":"Map25_S_821_600.png","O691LP0R37UOPW3RIHXW":"Map15_S_821_600.png","P6KW8N970WJGQRSLYKEI":"Map20_S_821_600.png","PB3DMIF2XJUWMWPU2D4C":"Map19_S_821_600.png","R9STT8Y5OHVO4LGZIAM0":"Map12_S_821_600.png","VTJQ57RFKRM70ZOO9CUZ":"Map22_S_821_600.png","W76FEJO9VNV5X13C7ARE":"Map06_S_821_600.png","X5EDF7MEOJXKHLWNHH99":"Map17_S_821_600.png","XADTW1MZEIOE97T1BR6T":"Map03_S_821_600.png","ZTHDDFP1J1ABCHSC6YJ5":"Map10_S_821_600.png"}