<manifest xmlns="http://www.imsproject.org/xsd/imscp_rootv1p1p2" xmlns:adlcp="http://www.adlnet.org/xsd/adlcp_rootv1p2" version="1" identifier="com.kidimedia.ibook-widgets.image_sequence-RiseFallOttomans" xsi:schemaLocation="http://www.imsproject.org/xsd/imscp_rootv1p1p2 imscp_rootv1p1p2.xsd&#xa;http://www.imsglobal.org/xsd/imsmd_rootv1p2p1 imsmd_rootv1p2p1.xsd&#xa;http://www.adlnet.org/xsd/adlcp_rootv1p2 adlcp_rootv1p2.xsd" xmlns:xsi="http://www.w3.org/2001/XMLSchema-instance">
<metadata>
<schema>ADL SCORM</schema>
<schemaversion>1.2</schemaversion>
</metadata>
<organizations default="image_sequence-RiseFallOttomans">
<organization identifier="image_sequence-RiseFallOttomans">
<title>RiseFallOttomans</title>
<item identifier="item_1" identifierref="resource_1">
<title>image_sequence-RiseFallOttomans</title>
</item>
</organization>
</organizations>
<resources>
<resource href="index.html" identifier="resource_1" type="webcontent" adlcp:scormtype="sco">
<file href="0e49ebc01b685bc0_S_821_600.png"/>
<file href="1413f75e8f14a717_S_821_600.png"/>
<file href="3ae03bf519c4348d_S_821_600.png"/>
<file href="41b00de863fe4f41_S_821_600.png"/>
<file href="4333d8f92a2fe563_S_821_600.png"/>
<file href="4bc24f222fdeddeb_S_821_600.png"/>
<file href="4e5b0588583179b2_S_821_600.png"/>
<file href="58b8c7764b58160d_S_821_600.png"/>
<file href="59647c14719fc958_S_821_600.png"/>
<file href="6079cfc6e6542c44_S_821_600.png"/>
<file href="70d9d4cbf343b0d8_S_821_600.png"/>
<file href="73aa2f0b1e2d1251_S_821_600.png"/>
<file href="74074d23fc87a91e_S_821_600.png"/>
<file href="79ece627d8b59418_S_821_600.png"/>
<file href="7b534f77693dd08c_S_821_600.png"/>
<file href="7f971d5131dc1c29_S_821_600.png"/>
<file href="812a2dc846367d7b_S_821_600.png"/>
<file href="880f6bc7368fa071_S_821_600.png"/>
<file href="9d632e90d8803433_S_821_600.png"/>
<file href="9f49f8460c97efae_S_821_600.png"/>
<file href="a9a09ddfbd12730a_S_821_600.png"/>
<file href="b612ffa26674b12b_S_821_600.png"/>
<file href="ba157ccc18b9ee31_S_821_600.png"/>
<file href="bd2436f43899c411_S_821_600.png"/>
<file href="cfed99bd3ad3d09e_S_821_600.png"/>
<file href="config.css"/>
<file href="config.js"/>
<file href="config.xml"/>
<file href="/css/bookwidgets.css"/>
<file href="/css/bwicons.css"/>
<file href="/css/fonts/icomoon.eot"/>
<file href="/css/fonts/icomoon.svg"/>
<file href="/css/fonts/icomoon.ttf"/>
<file href="/css/fonts/icomoon.woff"/>
<file href="/css/jquery.dialogsheet.css"/>
<file href="/css/jquery.tipsy.css"/>
<file href="/css/sequence.css"/>
<file href="d4a8d0b3fd9423b1_S_821_600.png"/>
<file href="Default.png"/>
<file href="eb25179d5117921d_S_821_600.png"/>
<file href="f6fb6ee43049e44e_S_821_600.png"/>
<file href="/images/phone_landscape.png"/>
<file href="/img/backbutton@2x.png"/>
<file href="/img/ibw-ribbon.png"/>
<file href="index.html"/>
<file href="Info.plist"/>
<file href="/js/FrameSequence-all.js"/>
<file href="/js/FrameSequence-vendor.js"/>
<file href="/js/hammer-2.0.4.min.js"/>
<file href="/js/hammer.fakemultitouch.js"/>
<file href="/js/hammer.min.js"/>
<file href="/js/jquery-1.8.min.js"/>
<file href="/js/jquery.dialogsheet.js"/>
<file href="/js/jquery.hammer-2.0.0.js"/>
<file href="/js/jquery.hammer.min.js"/>
<file href="/js/jquery.tipsy.js"/>
<file href="resourcemap.json"/>
</resource>
</resources>
</manifest>
