<manifest xsi:schemaLocation="http://www.imsproject.org/xsd/imscp_rootv1p1p2 imscp_rootv1p1p2.xsd&#xa;http://www.imsglobal.org/xsd/imsmd_rootv1p2p1 imsmd_rootv1p2p1.xsd&#xa;http://www.adlnet.org/xsd/adlcp_rootv1p2 adlcp_rootv1p2.xsd" xmlns="http://www.imsproject.org/xsd/imscp_rootv1p1p2" xmlns:adlcp="http://www.adlnet.org/xsd/adlcp_rootv1p2" identifier="com.kidimedia.ibook-widgets.image_sequence-QAE-Blackbeards_beauty" version="1" xmlns:xsi="http://www.w3.org/2001/XMLSchema-instance">
<metadata>
<schema>ADL SCORM</schema>
<schemaversion>1.2</schemaversion>
</metadata>
<organizations default="image_sequence-QAE-Blackbeards_beauty">
<organization identifier="image_sequence-QAE-Blackbeards_beauty">
<title>QAE-Blackbeards_beauty</title>
<item identifierref="resource_1" identifier="item_1">
<title>image_sequence-QAE-Blackbeards_beauty</title>
</item>
</organization>
</organizations>
<resources>
<resource type="webcontent" identifier="resource_1" href="index.html" adlcp:scormtype="sco">
<file href="0d77d0494b4c9214_S_867_600.jpg"/>
<file href="4545eaa4986835a6_S_800_600.jpg"/>
<file href="55afcc9b5c3efa42_S_980_571.jpg"/>
<file href="9e6df2db70311cda_S_980_498.jpg"/>
<file href="b76b812979be40d7_S_924_600.jpg"/>
<file href="config.css"/>
<file href="config.js"/>
<file href="config.xml"/>
<file href="/css/bookwidgets.css"/>
<file href="/css/bwicons.css"/>
<file href="/css/fonts/icomoon.eot"/>
<file href="/css/fonts/icomoon.svg"/>
<file href="/css/fonts/icomoon.ttf"/>
<file href="/css/fonts/icomoon.woff"/>
<file href="/css/jquery.dialogsheet.css"/>
<file href="/css/jquery.tipsy.css"/>
<file href="/css/sequence.css"/>
<file href="Default.png"/>
<file href="/images/phone_landscape.png"/>
<file href="/img/backbutton@2x.png"/>
<file href="/img/ibw-ribbon.png"/>
<file href="index.html"/>
<file href="Info.plist"/>
<file href="/js/FrameSequence-all.js"/>
<file href="/js/FrameSequence-vendor.js"/>
<file href="/js/hammer-2.0.4.min.js"/>
<file href="/js/hammer.fakemultitouch.js"/>
<file href="/js/hammer.min.js"/>
<file href="/js/jquery-1.8.min.js"/>
<file href="/js/jquery.dialogsheet.js"/>
<file href="/js/jquery.hammer-2.0.0.js"/>
<file href="/js/jquery.hammer.min.js"/>
<file href="/js/jquery.tipsy.js"/>
<file href="resourcemap.json"/>
</resource>
</resources>
</manifest>
