<manifest xmlns:xsi="http://www.w3.org/2001/XMLSchema-instance" identifier="com.kidimedia.ibook-widgets.quiz-quiz-jonas" xmlns="http://www.imsproject.org/xsd/imscp_rootv1p1p2" version="1" xmlns:adlcp="http://www.adlnet.org/xsd/adlcp_rootv1p2" xsi:schemaLocation="http://www.imsproject.org/xsd/imscp_rootv1p1p2 imscp_rootv1p1p2.xsd&#xa;http://www.imsglobal.org/xsd/imsmd_rootv1p2p1 imsmd_rootv1p2p1.xsd&#xa;http://www.adlnet.org/xsd/adlcp_rootv1p2 adlcp_rootv1p2.xsd">
<metadata>
<schema>ADL SCORM</schema>
<schemaversion>1.2</schemaversion>
</metadata>
<organizations default="quiz-quiz-jonas">
<organization identifier="quiz-quiz-jonas">
<title>quiz-jonas</title>
<item identifier="item_1" identifierref="resource_1">
<title>quiz-quiz-jonas</title>
</item>
</organization>
</organizations>
<resources>
<resource type="webcontent" identifier="resource_1" adlcp:scormtype="sco" href="index.html">
<file href="564cc560b86dacf5.jpg"/>
<file href="5a3afe431947123b.jpg"/>
<file href="5b26910d5a03fc7f.jpg"/>
<file href="a3eb0b34124b8230_S_242_208."/>
<file href="c8b837e6db7a7eeb_S_300_168.jpeg"/>
<file href="config.css"/>
<file href="config.js"/>
<file href="config.xml"/>
<file href="/css/bookwidgets.css"/>
<file href="/css/bwicons.css"/>
<file href="/css/bwtable.css"/>
<file href="/css/fonts/icomoon.eot"/>
<file href="/css/fonts/icomoon.svg"/>
<file href="/css/fonts/icomoon.ttf"/>
<file href="/css/fonts/icomoon.woff"/>
<file href="/css/images/ajax-loader.png"/>
<file href="/css/jquery.dialogsheet.css"/>
<file href="/css/jquery.tipsy.css"/>
<file href="/css/jquery.toolbar.css"/>
<file href="/css/questions.css"/>
<file href="/css/quiz.css"/>
<file href="/css/smoothness/images/ui-bg_flat_0_aaaaaa_40x100.png"/>
<file href="/css/smoothness/images/ui-bg_flat_75_ffffff_40x100.png"/>
<file href="/css/smoothness/images/ui-bg_glass_55_fbf9ee_1x400.png"/>
<file href="/css/smoothness/images/ui-bg_glass_65_ffffff_1x400.png"/>
<file href="/css/smoothness/images/ui-bg_glass_75_dadada_1x400.png"/>
<file href="/css/smoothness/images/ui-bg_glass_75_e6e6e6_1x400.png"/>
<file href="/css/smoothness/images/ui-bg_glass_95_fef1ec_1x400.png"/>
<file href="/css/smoothness/images/ui-bg_highlight-soft_75_cccccc_1x100.png"/>
<file href="/css/smoothness/images/ui-icons_222222_256x240.png"/>
<file href="/css/smoothness/images/ui-icons_2e83ff_256x240.png"/>
<file href="/css/smoothness/images/ui-icons_454545_256x240.png"/>
<file href="/css/smoothness/images/ui-icons_888888_256x240.png"/>
<file href="/css/smoothness/images/ui-icons_cd0a0a_256x240.png"/>
<file href="/css/smoothness/jquery-ui-1.8.23.css"/>
<file href="/css/studentworksubmitter.css"/>
<file href="Default.png"/>
<file href="e37427b21f929cf8_S_232_217."/>
<file href="/img/backbutton@2x.png"/>
<file href="/img/ibw-ribbon.png"/>
<file href="/img/photo-placeholder-camera.png"/>
<file href="/img/photo-placeholder-no-camera.png"/>
<file href="index.html"/>
<file href="Info.plist"/>
<file href="/js/binaryajax.js"/>
<file href="/js/canvasResize.js"/>
<file href="/js/exif.js"/>
<file href="/js/hammer-2.0.4.min.js"/>
<file href="/js/hammer.fakemultitouch.js"/>
<file href="/js/hammer.min.js"/>
<file href="/js/jquery-1.8.min.js"/>
<file href="/js/jquery-ui-1.8.23.min.js"/>
<file href="/js/jquery.dialogsheet.js"/>
<file href="/js/jquery.hammer-2.0.0.js"/>
<file href="/js/jquery.hammer.min.js"/>
<file href="/js/jquery.jsPlumb-1.3.16-all-min.js"/>
<file href="/js/jquery.tipsy.js"/>
<file href="/js/jquery.toolbar.min.js"/>
<file href="/js/jquery.ui.touch-punch.min.js"/>
<file href="/js/jquery.xarea.js"/>
<file href="/js/Quiz-all.css"/>
<file href="/js/Quiz-all.js"/>
<file href="/js/Quiz-vendor.js"/>
<file href="resourcemap.json"/>
</resource>
</resources>
</manifest>
